batch_size,total_time_s,time_per_doc_s
1,165.52067224999882,5.172521007812463
2,219.95923074999882,6.873725960937463
4,203.9556594170008,6.373614356781275
8,200.27465674999985,6.258583023437495
16,200.45401920900076,6.264188100281274
